I0,I1,I2,I3,I4,I5
43.050507,318.843231,320.565491,-0.566667,0.500000,9.833333
43.122746,323.054230,320.999023,-0.866667,0.400000,9.866667
43.184368,323.511108,321.436523,-0.866667,0.800000,9.733334
43.229000,326.774292,322.365387,-1.100000,0.700000,9.966666
43.262814,321.639709,322.239471,-0.700000,1.166667,10.366667
43.290310,327.622711,323.176086,-1.133333,1.266667,10.400000
43.319878,329.040955,324.196472,-1.233333,1.366667,10.433333
43.362656,328.061523,324.869141,-1.166667,1.233333,10.300000
43.421318,328.470032,325.496002,-1.200000,1.133333,10.200000
43.493774,322.952332,325.054169,-0.800000,1.133333,10.666667
43.584087,323.831146,324.842255,-0.800000,2.000000,11.066667
43.683338,321.877228,324.327393,-0.633333,2.100000,11.433333
43.795013,321.529846,323.841766,-0.533333,2.866667,11.533334
43.940502,316.601563,322.583679,0.033333,3.766667,11.966666
44.120045,312.496582,320.830688,0.500000,4.033333,12.433333
44.332516,309.227997,318.814362,0.900000,4.233333,12.366667
44.554768,308.109558,316.954315,1.100000,4.566667,12.433333
44.781216,311.322052,315.976624,0.833333,5.166667,12.500000
45.027866,313.675415,315.578522,0.566667,5.233333,12.366667
45.304317,311.225433,314.823792,0.966667,5.833333,12.366667
45.594536,310.912567,314.146027,1.000000,5.800000,12.133333
45.867973,317.049438,314.653473,0.333333,6.400000,12.000000
46.121193,317.210541,315.100494,0.400000,7.066667,11.733334
46.348167,322.871490,316.454193,-0.166667,8.766666,10.900000
46.563087,325.527100,318.034241,-0.466667,9.733334,10.133333
46.761345,329.285736,319.993073,-0.966667,10.700000,9.100000
46.926212,331.204285,321.944641,-1.233333,11.766666,7.766667
47.068329,335.242004,324.258881,-1.866667,12.066667,6.200000
47.197468,333.968018,325.948853,-1.666667,12.266666,4.333333
47.317696,336.795441,327.836578,-2.100000,11.633333,2.500000
47.432606,334.447083,328.987427,-1.733333,11.333333,1.533333
47.547043,335.864868,330.184723,-1.933333,10.600000,0.466667
47.670570,337.985168,331.542633,-2.233333,10.300000,0.233333
47.816963,340.205658,333.050781,-2.500000,9.300000,-0.500000
47.976425,338.715271,334.037476,-2.266667,8.666667,-0.800000
48.120308,342.255554,335.468201,-2.733333,8.600000,-0.800000
48.264397,344.687866,337.073151,-3.033333,8.300000,-0.833333
48.425095,346.304688,338.680328,-3.133333,7.200000,-0.933333
48.591393,347.970276,340.297699,-3.200000,6.000000,-1.066667
48.750553,352.292023,342.385437,-3.566667,5.033333,-0.966667
48.878819,355.967987,344.749146,-3.800000,4.000000,-0.200000
48.973637,356.796448,346.845520,-3.633333,2.700000,0.566667
49.060329,2.353906,286.924744,-3.866667,1.333333,1.933333
49.168808,0.666416,237.133392,-3.700000,1.300000,2.433333
49.294624,5.902500,196.913757,-4.033333,0.700000,3.033333
49.428295,4.365929,163.422791,-3.833333,0.500000,3.766667
49.572418,359.725555,197.569336,-3.333333,0.066667,5.200000
49.725254,358.566315,225.574799,-3.200000,-0.133333,6.000000
49.900402,354.829285,248.059113,-3.000000,0.266667,7.200000
50.102554,349.964142,265.786438,-2.666667,0.400000,8.333333
50.315125,346.909424,279.898987,-2.466667,0.533333,8.533334
50.528656,349.734863,292.048248,-2.700000,0.766667,8.633333
50.720173,349.997314,302.129700,-2.733333,0.866667,8.533334
50.867752,350.627930,310.566895,-2.733333,0.533333,7.933333
50.967548,357.293823,318.695557,-3.166667,0.166667,6.833333
51.028923,1.815598,263.577393,-3.600000,0.466667,4.866667
51.062508,3.837131,218.397980,-3.866667,0.800000,3.333333
51.072659,6.710760,181.576797,-4.433333,1.766667,2.100000
51.066479,6.093964,151.052933,-4.700000,2.900000,1.566667
51.052097,5.112733,125.667694,-4.800000,3.666667,0.800000
51.044495,7.151921,105.052765,-5.300000,4.433333,0.633333
51.073078,6.031748,87.829117,-5.300000,4.966667,0.500000
51.127140,0.843939,72.699234,-4.766667,5.700000,0.233333
51.185040,358.790009,122.462906,-4.766667,6.966667,0.366667
51.238285,359.174225,163.637390,-5.066667,8.066667,0.733333
51.274673,357.246552,197.314453,-4.966667,9.033334,0.900000
51.309826,355.096497,224.759674,-4.700000,9.433333,1.433333
51.316254,350.843750,246.691025,-4.166667,10.300000,1.900000
51.305946,349.778687,264.622192,-4.066667,10.800000,2.266667
51.260532,349.128845,279.321045,-3.966667,10.833333,2.966667
51.195976,348.862366,291.416626,-3.966667,11.166667,3.700000
51.129013,346.562744,301.008270,-3.600000,11.200000,4.200000
51.063274,345.556366,308.756470,-3.466667,11.466666,4.400000
51.023907,344.912476,315.045166,-3.366667,11.500000,5.566667
51.007694,342.782928,319.869781,-3.033333,11.566667,5.833333
51.032333,344.574799,324.167236,-3.266667,11.000000,6.866667
51.089588,345.579193,327.892181,-3.366667,10.433333,7.566667
51.182526,347.142487,331.241425,-3.500000,9.500000,8.433333
51.300961,348.594025,334.260803,-3.533333,8.066667,9.400000
51.427189,350.608246,337.105408,-3.633333,6.833333,10.033334
51.556271,352.807220,339.837738,-3.766667,5.900000,10.100000
51.680031,353.303925,342.181152,-3.733333,5.333333,10.000000
51.764614,357.376770,344.825073,-4.066667,4.533333,9.933333
51.794315,359.427582,347.365326,-4.133333,3.733333,9.533334
51.762310,0.229153,286.983521,-4.233333,3.766667,9.366667
51.671059,4.003714,237.760681,-4.733333,3.933333,9.000000
51.519794,5.185221,197.304733,-4.733333,3.400000,9.000000
51.326488,4.923706,163.839905,-4.766667,3.633333,8.766666
51.112347,8.075021,136.743973,-4.966667,2.966667,7.633333
50.875179,11.121532,114.890877,-5.300000,2.766667,6.966667
50.648109,11.022298,96.821777,-5.133333,2.333333,6.400000
50.455334,14.080230,82.427856,-5.600000,2.466667,5.800000
50.296051,12.377435,70.241745,-5.300000,2.300000,4.966667
50.174721,16.939888,60.969250,-6.000000,2.400000,4.133333
50.107586,14.362865,52.861855,-5.800000,2.866667,3.733333
50.096161,12.167582,45.783314,-5.566667,3.100000,2.966667
50.117538,11.121223,39.754314,-5.666667,3.800000,2.133333
50.168247,9.285937,34.455036,-5.466667,4.000000,1.800000
50.238827,9.286848,30.077854,-5.500000,4.100000,1.500000
50.329056,7.948308,26.229395,-5.466667,4.600000,1.333333
50.441853,8.309537,23.113375,-5.733333,5.266667,1.200000
50.559658,9.982043,20.830324,-6.033333,5.366667,1.700000
50.655209,8.349900,18.660297,-5.900000,5.766667,1.433333
50.729496,8.527795,16.898487,-6.133333,6.400000,1.800000
50.792324,8.803617,15.491003,-6.300000,6.766667,2.366667
50.849125,6.654779,13.954514,-6.233333,7.766667,2.166667
50.906025,4.666449,12.339432,-5.933333,7.933333,2.133333
50.969593,2.944908,10.705891,-5.633333,7.900000,2.100000
51.039482,2.080134,9.206126,-5.600000,8.333333,2.400000
51.125561,4.865851,8.451929,-6.033333,8.166667,2.700000
51.244942,4.548629,7.774034,-6.033333,8.366667,3.100000
51.385502,3.891086,7.099865,-5.900000,8.300000,3.100000
51.543411,4.714938,6.686418,-6.100000,8.500000,3.100000
51.707237,3.218446,6.084636,-5.933333,8.866667,2.933333
51.860825,2.611997,5.481952,-5.766667,8.633333,3.233333
51.996822,2.928500,5.038999,-5.700000,8.166667,2.433333
52.110840,4.822010,5.002260,-5.866667,7.600000,2.000000
52.213219,7.119364,5.371415,-6.000000,6.733333,2.066667
52.331261,8.380091,5.895790,-6.033333,6.166667,1.633333
52.496082,10.132317,6.634152,-5.966667,5.100000,1.900000
52.723812,11.603541,7.500544,-5.666667,3.600000,2.800000
53.017990,13.877824,8.612412,-5.466667,2.200000,5.000000
53.337997,10.738490,8.985046,-4.933333,1.866667,7.000000
53.671581,8.252302,8.860532,-5.000000,3.000000,7.600000
54.007000,6.091531,8.381843,-4.866667,3.466667,8.333333
54.338558,2.741335,7.403644,-4.566667,3.900000,8.966666
54.645454,1.093978,6.308833,-4.600000,4.866667,9.000000
54.915382,1.248669,5.431037,-4.733333,5.333333,9.000000
55.138939,3.936434,5.173034,-5.266667,5.933333,8.333333
55.315769,4.605094,5.075804,-5.533333,6.533333,7.933333
55.482395,1.818168,4.510633,-5.166667,6.766667,8.166667
55.633945,1.336130,3.959790,-5.200000,7.200000,8.200000
55.768047,1.038283,3.452799,-5.266667,7.666667,8.200000
55.898487,359.770020,65.432434,-5.266667,8.533334,8.200000
56.034885,0.512623,54.141365,-5.466667,8.866667,7.133333
56.164932,0.273275,44.772594,-5.333333,8.466666,8.066667
56.281143,358.744080,99.386414,-5.166667,8.833333,7.833333
56.396061,356.662720,144.138550,-4.866667,9.000000,7.333333
56.509277,358.973053,181.508270,-5.233333,8.966666,6.700000
56.635166,0.083644,149.952042,-5.433333,9.033334,6.166667
56.770206,0.419589,123.943268,-5.466667,8.933333,5.266667
56.907917,1.017333,102.562515,-5.600000,9.066667,5.133333
57.044636,0.907742,84.881699,-5.533333,8.866667,4.266667
57.190437,2.275964,70.514389,-5.666667,8.466666,3.733333
57.361290,4.208242,58.982479,-5.800000,7.733333,3.933333
57.550865,7.696076,50.063293,-6.233333,7.166667,3.766667
57.762745,9.042977,42.930012,-6.166667,6.233333,3.100000
57.994766,8.769133,36.990051,-6.033333,5.966667,3.366667
58.264862,10.639414,32.408951,-6.200000,5.533333,3.333333
58.570766,12.086742,28.876764,-6.400000,5.400000,3.000000
58.897861,11.107766,25.788876,-6.066667,4.933333,3.266667
59.231831,11.731330,23.346622,-6.000000,4.466667,3.666667
59.549778,14.174673,21.754038,-6.233333,4.033333,3.900000
59.845039,13.644962,20.346130,-6.133333,4.000000,3.733333
60.123100,12.899441,19.053289,-5.900000,3.700000,3.366667
60.398823,12.602703,17.933691,-5.866667,3.733333,3.800000
60.670372,15.632175,17.535755,-6.133333,3.200000,3.533333
60.931637,12.740919,16.704035,-5.700000,3.233333,3.633333
61.180370,15.340162,16.468992,-5.866667,2.666667,3.533333
61.415775,13.499574,15.954561,-5.633333,2.766667,3.433333
61.642612,16.387012,16.031782,-6.000000,2.600000,4.066667
61.872013,12.655869,15.446590,-5.400000,2.466667,4.533333
62.112652,12.061600,14.859920,-5.233333,2.233333,4.700000
62.359211,10.869458,14.167984,-5.066667,2.200000,4.466667
62.611217,11.579421,13.719945,-4.833333,1.300000,4.966667
62.862602,10.029007,13.080152,-4.733333,1.533333,4.800000
63.118130,11.398193,12.789840,-4.800000,1.266667,4.733333
63.385044,9.454261,12.211995,-4.533333,1.133333,4.600000
63.650311,9.452960,11.734421,-4.600000,1.333333,3.866667
63.905487,9.644222,11.373096,-4.700000,1.566667,3.433333
64.130318,8.134508,10.811751,-4.666667,2.000000,2.866667
64.316689,6.780105,10.112122,-4.733333,2.733333,2.266667
64.440636,5.151456,9.250347,-4.833333,3.766667,0.966667
64.483208,3.671489,8.280325,-5.066667,5.333333,0.666667
64.451393,2.446367,7.265275,-5.500000,7.700000,1.233333
64.351425,358.604553,68.377007,-5.266667,9.400000,2.733333
64.232094,353.696930,118.005035,-4.666667,10.533334,3.466667
64.168526,351.792694,158.669937,-4.333333,10.400000,4.533333
64.173729,355.727173,192.946503,-4.933333,10.133333,3.800000
64.238274,1.599351,159.663788,-5.733333,9.200000,4.266667
64.363594,0.320327,131.948395,-5.566667,9.433333,4.700000
64.534828,359.992523,171.616333,-5.433333,9.100000,4.966667
64.731964,356.087250,203.705292,-4.833333,9.300000,6.700000
64.944267,351.644226,229.439941,-4.233333,9.900000,7.100000
65.167618,354.378845,251.174011,-4.633333,9.700000,6.833333
65.330055,354.061584,269.071899,-4.600000,9.800000,6.800000
65.421288,351.907013,283.481201,-4.233333,9.633333,7.500000
65.428444,354.654999,295.861389,-4.600000,9.266666,7.200000
65.368866,350.288757,305.328064,-3.966667,9.500000,7.633333
65.289032,350.917938,313.257355,-4.066667,9.533334,8.000000
65.221779,346.524689,319.043335,-3.366667,9.100000,8.900000
65.171875,347.886841,324.059998,-3.533333,8.866667,9.533334
65.117195,346.112793,327.895416,-3.200000,8.066667,10.133333
65.057579,343.320343,330.577942,-2.800000,7.666667,10.333333
65.008118,339.517944,332.132568,-2.300000,7.233333,11.233334
64.992256,340.179108,333.532043,-2.333333,6.400000,11.066667
65.016663,339.616913,334.590698,-2.200000,5.066667,11.333333
65.049561,329.272278,333.665894,-1.166667,4.100000,11.766666
65.071472,325.992615,332.331390,-0.966667,2.100000,11.100000
65.094147,327.541534,331.498444,-1.133333,1.133333,10.133333
65.105034,343.556335,333.595917,-2.200000,0.133333,8.333333
65.118721,347.362366,335.990601,-2.433333,-0.033333,6.033333
65.141449,348.620270,338.187622,-2.500000,-0.166667,4.366667
65.203743,349.148865,340.094788,-2.600000,0.333333,3.066667
65.309830,344.733521,340.902588,-2.333333,0.733333,1.933333
65.474358,343.553070,341.365082,-2.266667,0.933333,1.400000
65.695702,345.403656,342.069489,-2.466667,1.600000,0.800000
65.961586,349.179565,343.308563,-2.933333,2.866667,0.133333
66.276711,347.207153,343.989471,-2.833333,3.566667,-0.366667
66.619537,342.811371,343.787567,-2.466667,4.200000,-0.866667
66.966888,343.250275,343.697174,-2.566667,4.900000,-0.833333
67.279846,343.866364,343.729340,-2.700000,5.700000,-0.900000
67.560768,338.454437,342.814270,-2.133333,6.333333,-1.066667
67.822220,337.200623,341.840118,-2.000000,6.600000,-1.333333
68.058701,334.001160,340.478699,-1.633333,6.700000,-1.100000
68.254082,330.289185,338.708038,-1.233333,5.433333,-0.833333
68.396721,332.406555,337.613220,-1.466667,3.666667,-0.600000
68.511536,331.240295,336.505707,-1.400000,1.000000,0.866667
68.612450,327.344086,334.912994,-1.166667,0.100000,2.566667
68.704422,328.916718,333.870789,-1.300000,-0.900000,4.233333
68.781303,326.455597,332.581665,-1.166667,-0.966667,5.900000
68.814690,323.423889,330.989044,-0.966667,-0.566667,7.300000
68.855621,327.845978,330.442688,-1.200000,0.066667,9.266666
68.934975,325.645477,329.608948,-0.966667,1.633333,10.700000
69.063416,321.387756,328.180084,-0.533333,2.733333,11.333333
69.210037,327.754822,328.107391,-1.033333,3.833333,11.566667
69.365921,334.114319,329.153595,-1.633333,5.033333,11.100000
69.549629,335.794037,330.310272,-1.833333,6.366667,11.566667
69.769562,337.405579,331.546387,-2.066667,7.866667,11.066667
70.053825,336.499756,332.410492,-1.966667,8.366667,10.233334
70.372551,342.232544,334.121765,-2.766667,9.100000,9.566667
70.696983,344.253510,335.886963,-3.133333,10.066667,8.733334
71.023346,348.026276,338.001373,-3.766667,10.633333,7.700000
71.350471,348.712158,339.867310,-3.900000,10.833333,6.766667
71.664108,349.309174,341.512421,-4.000000,10.866667,5.866667
71.943794,350.544189,343.085907,-4.200000,10.866667,5.933333
72.172134,348.631470,344.052521,-3.933333,11.200000,5.400000
72.353409,348.120667,344.761719,-3.866667,11.333333,4.200000
72.490227,352.076721,346.035309,-4.400000,10.533334,3.200000
72.600449,354.354340,347.483307,-4.700000,10.100000,3.500000
72.710876,356.994843,349.138733,-5.000000,9.400000,2.200000
72.817909,1.002265,288.584167,-5.533333,8.800000,1.933333
72.920311,1.930391,238.723969,-5.500000,8.033334,1.366667
73.040886,359.754059,259.777222,-5.066667,7.666667,0.933333
73.214905,1.243319,214.808884,-5.266667,7.533333,0.600000
73.443192,1.079944,177.634491,-5.000000,6.533333,0.333333
73.704460,2.276782,147.134750,-5.033333,5.966667,0.100000
74.001801,2.859406,122.041847,-4.866667,5.000000,-0.133333
74.308296,1.111946,101.009781,-4.433333,4.166667,0.100000
74.637566,359.875610,146.040283,-4.200000,3.800000,0.066667
75.016808,357.536560,182.831680,-3.900000,3.633333,-0.166667
75.417427,355.061920,212.793259,-3.633333,3.633333,-0.100000
75.809303,354.282379,237.407593,-3.633333,4.100000,-0.700000
76.167557,353.902313,257.674042,-3.833333,5.500000,-0.833333
76.496010,358.130005,275.150452,-4.700000,7.100000,-0.033333
76.755554,356.324097,289.272247,-4.800000,8.933333,1.200000
76.939613,354.868713,300.683838,-4.700000,9.633333,1.766667
77.034760,348.712158,309.038818,-3.900000,10.833333,2.566667
77.050728,344.226471,315.159576,-3.233333,11.233334,4.100000
77.002647,341.880035,319.806946,-2.900000,11.700000,5.233333
76.855240,340.134430,323.341431,-2.600000,11.266666,6.733333
76.623695,334.027740,325.198181,-1.666667,10.933333,8.533334
76.336235,328.350159,325.743927,-0.833333,10.566667,9.033334
76.035995,326.917542,325.945435,-0.666667,9.666667,10.066667
75.746422,324.242645,325.646698,-0.366667,8.566667,10.700000
75.498581,330.681244,326.520233,-1.233333,7.566667,11.233334
75.295387,331.443726,327.374847,-1.333333,7.066667,11.200000
75.122070,331.949188,328.168976,-1.400000,6.333333,11.333333
75.050606,326.740875,327.919952,-0.833333,5.900000,11.633333
75.078674,320.224487,326.581635,-0.233333,4.633333,11.633333
75.172058,317.259033,324.960876,0.066667,4.533333,11.600000
75.306595,314.647491,323.168121,0.266667,4.000000,11.533334
75.442810,316.131561,321.945374,0.066667,3.666667,11.600000
75.560104,313.311432,320.444611,0.200000,2.733333,11.200000
75.630455,313.428040,319.224762,-0.033333,1.366667,10.366667
75.687332,313.887695,318.296936,-0.266667,0.133333,9.400000
75.721359,315.060364,317.734253,-0.433333,-0.433333,8.500000
75.756187,303.894897,315.327301,0.166667,-1.166667,7.033333
75.807983,299.677185,312.605530,0.433333,-1.300000,4.966667
75.891388,295.476929,309.626892,0.833333,-1.100000,3.500000
76.029266,302.477600,308.384552,0.500000,-0.300000,2.166667
76.216011,305.396545,307.866455,0.533333,0.800000,0.866667
76.457420,309.642090,308.177429,0.300000,1.433333,-0.100000
76.719856,313.905396,309.176086,0.133333,2.666667,-0.733333
76.972511,316.651367,310.478577,0.100000,4.300000,-1.300000
77.201164,322.351288,312.545746,-0.366667,5.633333,-1.566667
77.397514,322.273651,314.239563,-0.300000,6.300000,-1.500000
77.562706,324.520935,316.029388,-0.500000,7.166667,-1.833333
77.703468,323.473938,317.325531,-0.300000,8.100000,-1.500000
77.824913,325.957062,318.827972,-0.600000,8.466666,-1.466667
77.939133,328.233002,320.464905,-0.866667,9.266666,-0.866667
78.052856,328.058014,321.786682,-0.833333,9.500000,-0.633333
78.211670,330.135437,323.240295,-1.100000,10.366667,-0.033333
78.408112,331.171082,324.621521,-1.233333,11.433333,1.166667
78.626656,330.807739,325.699493,-1.166667,12.033334,3.500000
78.860184,332.924194,326.958252,-1.500000,12.366667,3.766667
79.095993,332.085663,327.852203,-1.366667,12.233334,5.100000
79.331421,331.632507,328.511810,-1.300000,11.766666,6.100000
79.555351,330.149902,328.798706,-1.066667,11.866667,7.200000
79.781166,329.053528,328.845032,-0.900000,11.700000,7.566667
79.964561,328.742828,328.828857,-0.866667,11.266666,7.933333
80.102455,328.625854,328.794769,-0.833333,11.700000,7.566667
80.190628,328.360413,328.720001,-0.766667,12.366667,5.833333
80.213310,330.617706,329.050293,-1.133333,12.200000,3.133333
80.162331,325.007813,328.346680,-0.300000,11.166667,1.100000
80.060043,319.576691,326.820313,0.400000,9.800000,-0.333333
79.942383,311.430023,324.142273,1.200000,7.266667,-1.200000
79.800110,305.102325,320.829163,1.566667,4.966667,-0.900000
79.646713,297.839325,316.828918,1.966667,3.033333,-0.500000
79.486893,295.008667,313.032043,1.966667,1.966667,0.033333
79.346184,293.278564,309.594849,2.000000,1.466667,0.600000
79.249863,290.922119,306.346008,2.100000,0.966667,0.633333
79.218460,285.818542,302.775146,2.333333,0.000000,1.866667
79.224457,280.286682,298.863525,2.533333,-1.066667,3.733333
79.236664,280.195190,295.616425,2.466667,-1.200000,5.600000
79.252968,282.505554,293.336060,2.166667,-1.166667,6.566667
79.271202,280.465302,291.097443,2.566667,-0.966667,8.166667
79.275162,286.929871,290.372559,1.933333,-0.533333,8.866667
79.272552,290.401276,290.377533,1.733333,-0.066667,9.733334
79.275002,295.363068,291.244751,1.500000,0.766667,10.433333
79.284676,297.688660,292.365692,1.900000,2.766667,11.566667
79.311104,304.144562,294.414764,1.533333,4.333333,11.800000
79.355095,306.516541,296.520142,1.566667,5.766667,11.833333
79.428703,308.599304,298.621857,1.566667,7.100000,11.500000
79.524216,310.670776,300.718506,1.500000,8.300000,11.233334
79.646942,316.430023,303.452484,0.800000,9.266666,10.600000
79.774223,316.517456,305.726135,0.900000,10.100000,9.966666
79.866676,316.608887,307.619904,0.966667,10.700000,9.233334
79.908936,315.661621,309.019073,1.200000,11.266666,8.133333
79.908951,315.324677,310.115875,1.300000,11.566667,7.633333
79.877937,313.436951,310.693268,1.700000,12.033334,7.033333
79.818504,311.908630,310.904144,1.933333,11.800000,6.933333
79.737885,312.175842,311.124634,1.833333,11.500000,8.100000
79.646370,308.653046,310.693909,2.200000,10.200000,9.533334
79.554604,302.945282,309.345306,2.866667,8.800000,10.933333
79.482811,300.344940,307.779144,2.900000,7.300000,11.233334
79.446640,295.033081,305.561737,3.400000,6.000000,11.666667
79.442276,290.335663,302.913239,3.633333,4.433333,11.700000
79.463997,284.415131,299.695831,3.666667,2.200000,11.266666
79.505981,279.782562,296.232452,3.666667,0.666667,9.866667
79.562973,278.359924,293.124176,3.366667,-0.233333,8.766666
79.641685,274.717773,289.923248,3.700000,-0.766667,7.166667
79.740509,274.892120,287.309601,3.566667,-0.900000,5.700000
79.859985,276.230927,285.383606,3.333333,-0.866667,4.666667
79.986412,279.010986,284.276245,3.166667,-0.366667,3.100000
80.115440,282.489563,283.966614,2.833333,0.033333,1.966667
80.237122,289.112640,284.862793,2.366667,1.033333,0.766667
80.341553,294.839050,286.599030,2.000000,2.000000,0.066667
80.412918,300.644989,289.042847,1.933333,4.133333,-1.200000
80.483269,306.539398,292.086853,1.700000,6.366667,-1.233333
80.550224,309.438995,295.105682,1.600000,7.866667,-0.733333
80.621246,314.142120,298.417542,1.033333,8.566667,-0.633333
80.715836,314.261230,301.174255,1.233333,9.966666,-0.233333
80.833267,315.544952,303.674957,1.166667,10.900000,0.900000
80.980789,317.608643,306.099915,0.900000,11.433333,1.900000
81.172424,317.339722,308.056671,1.000000,11.866667,2.733333
81.423546,319.865295,310.112915,0.600000,12.066667,3.933333
81.696945,318.228729,311.527008,0.866667,12.000000,5.800000
81.993912,317.339722,312.540710,1.000000,11.866667,7.466667
82.290977,320.321503,313.896729,0.500000,11.833333,7.566667
82.542114,319.011536,314.788635,0.666667,11.400000,8.066667
82.694046,317.913879,315.333588,0.833333,11.300000,8.166667
82.728348,310.305359,314.459259,2.166667,11.500000,6.766667
82.645882,304.203247,312.674591,3.333333,11.533334,6.000000
82.466797,302.219696,310.854462,3.666667,11.266666,4.600000
82.200661,300.058899,308.974304,4.033333,10.966666,3.766667
81.869621,298.545166,307.157318,4.266667,10.666667,3.066667
81.506203,297.138519,305.411438,4.466667,10.333333,2.800000
81.161636,299.401581,304.363037,3.800000,9.733334,1.533333
80.888283,299.227844,303.467377,3.733333,9.400000,1.200000
80.690079,298.981720,302.685394,3.566667,8.700000,0.433333
80.558090,294.288147,301.223602,4.033333,7.366667,0.100000
80.475304,291.572144,299.544067,4.300000,6.633333,0.233333
80.428352,287.366455,297.425476,4.633333,5.366667,0.366667
80.393303,283.795074,295.054291,4.733333,4.000000,0.800000
80.356956,277.869659,292.064850,5.400000,2.733333,1.000000
80.298668,276.540833,289.364075,5.066667,1.733333,2.400000
80.213097,274.187714,286.723511,4.966667,0.766667,3.366667
80.123573,272.799774,284.300812,4.700000,-0.033333,3.833333
80.042099,272.115967,282.180664,4.466667,-0.533333,4.800000
79.975861,271.917480,280.394897,4.433333,-0.633333,5.833333
79.930908,270.804993,278.726410,4.833333,-0.500000,7.500000
79.912468,273.567169,277.828857,5.000000,0.600000,8.266666
79.918839,273.639221,277.100159,5.366667,1.100000,9.633333
79.923508,274.500977,276.648102,5.433333,1.500000,9.833333
79.938858,277.313843,276.764038,5.166667,2.166667,10.033334
80.047073,274.109406,276.303253,6.500000,2.766667,9.566667
80.209618,283.114014,277.489380,5.933333,5.933333,10.333333
80.408195,290.586426,279.769257,5.033333,7.900000,10.033334
80.609444,292.323578,281.954742,4.866667,8.466666,10.200000
80.807701,292.172058,283.733704,4.966667,8.633333,9.900000
80.986336,293.565155,285.445374,4.866667,9.200000,9.466666
81.155518,292.351166,286.648071,5.200000,9.333333,9.066667
81.307457,289.958099,287.225159,5.733333,9.200000,8.533334
81.357422,287.587646,287.288635,5.866667,8.133333,9.000000
81.359673,284.925720,286.877655,6.233333,7.433333,9.433333
81.344063,283.417786,286.275726,6.300000,6.766667,9.766666
81.353653,282.397125,285.601166,6.033333,5.766667,10.100000
81.399239,280.416962,284.699829,6.133333,5.000000,10.333333
81.478638,276.365112,283.250793,6.566667,3.833333,10.300000
81.602592,275.200012,281.851501,6.333333,3.000000,9.733334
81.763130,272.146790,280.164856,6.233333,1.633333,9.100000
81.937485,270.446167,278.475922,6.133333,0.866667,7.666667
82.103249,271.365112,277.240509,5.333333,0.266667,5.400000
82.261887,274.284851,276.727783,4.866667,0.666667,3.133333
82.399796,278.928345,277.111755,4.566667,1.833333,1.566667
82.498230,285.347687,278.545197,4.200000,3.600000,0.133333
82.576866,288.591248,280.293304,4.166667,4.900000,-0.100000
82.663628,288.846771,281.781860,4.500000,5.766667,-0.166667
82.848160,289.061890,283.049805,4.733333,6.400000,0.333333
83.180214,291.475403,284.518280,4.333333,6.666667,0.000000
83.593552,296.482117,286.602936,3.700000,7.633333,0.100000
84.032959,298.318420,288.644623,3.600000,8.400000,0.266667
84.490135,295.621277,289.862183,4.133333,8.400000,0.266667
84.948341,293.306396,290.465302,4.433333,7.900000,0.566667
85.408638,293.134460,290.933624,4.533333,8.066667,0.666667
85.843155,290.635071,290.885529,4.966667,7.766667,0.766667
86.139351,291.468079,290.989471,4.833333,7.900000,0.966667
86.259636,290.143188,290.843323,4.966667,7.500000,0.766667
86.285698,291.110474,290.890015,4.600000,7.133333,0.600000
86.242531,287.868042,290.363983,5.000000,6.400000,0.800000
86.129814,287.494965,289.863953,5.333333,6.933333,1.266667
85.980087,283.659515,288.783417,6.233333,6.766667,1.966667
85.794434,282.244232,287.644348,6.633333,6.766667,3.166667
85.594910,281.366791,286.550659,7.066667,7.066667,3.800000
85.419884,280.149261,285.435638,7.533333,7.200000,4.400000
85.271072,278.851654,284.289093,7.700000,6.766667,5.900000
85.121712,278.997986,283.367432,7.566667,6.633333,6.566667
84.973335,276.949829,282.249817,7.700000,5.766667,7.700000
84.842415,276.117279,281.181946,7.600000,5.200000,8.533334
84.732666,275.387329,280.173065,7.500000,4.700000,8.300000
84.678688,274.820251,279.241516,7.333333,4.200000,8.200000
84.699699,273.629639,278.265564,7.400000,3.733333,7.800000
84.773506,273.263641,277.396179,7.766667,4.033333,7.033333
84.882858,274.186401,276.838837,7.833333,4.566667,6.566667
85.040947,273.187103,276.205048,7.900000,4.166667,6.633333
85.280968,273.829620,275.793976,7.966667,4.566667,6.833333
85.583969,277.043152,276.013947,7.600000,5.666667,5.733333
85.930870,278.251831,276.406250,7.433333,6.033333,5.300000
86.247345,277.759399,276.644409,7.533333,5.933333,4.533333
86.535439,275.579315,276.461700,7.600000,4.933333,3.933333
86.829529,276.027954,276.388855,7.233333,4.633333,3.366667
87.152748,277.543091,276.592468,6.833333,4.766667,2.766667
87.496613,277.876556,276.818848,6.533333,4.466667,2.266667
87.825256,277.219238,276.891388,6.600000,4.266667,2.333333
88.155373,277.326782,276.970032,6.366667,3.966667,2.433333
88.504570,277.438507,277.054596,6.533333,4.266667,2.666667
88.920334,275.280090,276.749603,6.766667,3.633333,3.033333
89.390030,274.938751,276.438751,6.633333,3.300000,3.566667
89.887848,273.618896,275.952637,6.966667,3.166667,4.100000
90.398697,272.117126,275.290009,7.500000,3.166667,5.566667
90.903946,273.524506,274.987366,7.566667,3.900000,5.500000
91.384613,273.403015,274.716003,7.766667,4.100000,5.966667
91.822998,272.773529,274.381989,7.633333,3.633333,6.433333
92.199501,272.402496,274.040985,7.800000,3.666667,6.533333
92.509552,271.818787,273.657166,7.833333,3.433333,6.366667
92.738350,272.503906,273.458588,7.600000,3.466667,6.466667
92.900970,273.570099,273.479431,7.266667,3.533333,5.333333
93.012161,277.222168,274.131439,6.733333,4.466667,3.066667
93.059601,279.326996,275.035583,6.733333,5.466667,2.466667
93.077789,281.364014,276.136505,6.433333,5.966667,2.233333
93.082794,283.063293,277.341400,6.200000,6.400000,1.866667
93.089912,284.044525,278.507416,6.233333,6.966667,2.166667
93.089722,284.326447,279.519592,6.433333,7.500000,2.966667
93.071526,284.878906,280.451660,6.466667,7.866667,3.200000
93.033302,284.449554,281.146729,6.433333,7.566667,3.300000
92.957001,281.983948,281.291687,7.066667,7.400000,3.933333
92.853363,283.100098,281.605347,6.966667,7.833333,3.966667
92.716316,281.537262,281.592285,7.033333,7.100000,3.633333
92.552711,281.412659,281.559601,7.033333,7.033333,3.766667
92.361877,281.426086,281.534698,6.933333,6.866667,3.600000
92.155655,280.561584,281.363617,7.300000,7.033333,4.033333
91.947777,279.860535,281.100342,7.466667,6.933333,5.000000
91.739380,279.904449,280.890472,7.533333,7.066667,6.066667
91.531448,277.908051,280.369873,7.766667,6.366667,7.100000
91.343742,275.996704,279.607544,7.900000,5.566667,7.500000
91.194885,275.821350,278.947662,7.633333,5.100000,7.033333
91.060730,274.344513,278.145782,8.000000,4.866667,6.400000
90.969513,274.366821,277.487671,7.966667,4.833333,6.566667
90.935608,273.755951,276.838257,7.866667,4.400000,6.600000
90.958214,275.054291,276.528137,7.933333,5.133333,6.333333
91.012550,275.474548,276.345367,7.900000,5.300000,6.833333
91.099197,274.656433,276.052338,7.933333,4.933333,7.200000
91.211143,274.598206,275.800385,7.633333,4.500000,7.366667
91.322479,273.206055,275.350098,7.866667,4.133333,7.533333
91.459282,273.096985,274.959412,7.566667,3.700000,7.766667
91.598274,272.573914,274.545715,7.466667,3.333333,7.333333
91.725739,273.128357,274.300323,7.266667,3.333333,7.333333
91.854263,271.003967,273.728088,7.700000,2.900000,6.166667
92.022705,272.314362,273.483673,7.400000,3.133333,5.333333
92.251137,273.666199,273.517426,7.566667,3.966667,4.633333
92.527206,276.352905,274.013092,7.333333,4.933333,3.866667
92.840416,277.633026,274.645508,7.400000,5.666667,3.866667
93.152489,277.434418,275.133362,7.466667,5.666667,3.800000
93.436371,275.983398,275.283722,7.600000,5.133333,4.000000
93.682465,274.670715,275.179260,7.533333,4.400000,4.466667
93.883415,272.645874,274.740356,7.333333,3.200000,4.866667
94.037605,271.688965,274.210968,7.466667,2.933333,5.866667
94.134285,272.410278,273.898621,7.500000,3.300000,6.366667
94.197884,272.228851,273.608734,7.866667,3.666667,5.866667
94.266121,273.299744,273.555603,7.466667,3.666667,5.666667
94.361053,274.910309,273.792084,7.400000,4.333333,4.600000
94.489662,273.687378,273.774994,7.533333,3.933333,5.000000
94.671700,273.077789,273.655334,7.600000,3.733333,5.066667
94.900108,274.550690,273.813080,7.700000,4.566667,4.900000
95.176765,275.276154,274.070007,7.466667,4.600000,4.533333
95.511147,276.802551,274.548248,7.433333,5.300000,4.366667
95.889168,279.001953,275.326263,7.000000,5.733333,3.733333
96.286713,280.090637,276.158478,6.566667,5.566667,2.966667
96.720810,278.905243,276.640076,6.400000,4.733333,2.200000
97.176094,278.459747,276.960602,5.933333,3.800000,2.333333
97.620743,276.835236,276.942688,5.833333,2.966667,2.566667
98.044853,276.453857,276.861389,5.733333,2.666667,2.400000
98.413162,274.732452,276.494324,6.133333,2.533333,2.800000
98.703934,273.519836,275.979492,6.200000,2.133333,3.800000
98.935005,271.096710,275.132202,6.266667,1.266667,4.533333
99.104874,270.512024,274.330048,6.433333,1.233333,5.166667
99.196220,269.793213,273.541718,6.533333,1.066667,6.266667
99.233925,269.448578,272.830078,6.533333,0.933333,7.000000
99.220314,270.135803,272.361298,6.533333,1.200000,8.000000
99.173866,274.084808,272.660675,5.700000,1.700000,9.900000
99.116623,281.210724,274.147369,5.066667,3.533333,11.000000
99.062851,284.202087,275.895813,5.200000,5.066667,11.066667
99.006920,288.776123,278.135742,4.633333,6.033333,11.166667
98.952660,291.095764,280.389557,4.466667,6.800000,11.066667
98.911774,295.119904,282.951416,4.000000,7.733333,10.800000
98.889343,296.393555,285.289368,4.033333,8.566667,10.500000
98.890450,298.023438,287.504364,3.933333,9.266666,9.933333
98.897896,298.293701,289.381165,4.100000,9.966666,8.900000
98.915779,299.635529,291.164978,3.933333,10.333333,8.333333
98.945366,300.598877,292.806183,3.900000,10.900000,8.033334
98.970154,301.101563,294.249329,3.833333,11.033334,7.233333
99.016350,300.873840,295.402008,3.900000,11.100000,7.166667
99.069229,303.027771,296.728912,3.633333,11.766666,5.566667
99.101433,303.230499,297.860077,3.600000,11.800000,4.866667
99.128212,300.964600,298.400299,3.900000,11.166667,5.166667
99.157196,299.500305,298.591888,4.233333,11.233334,4.833333
99.172791,298.706604,298.611969,4.366667,11.100000,4.500000
99.177490,299.806854,298.819855,4.166667,11.233334,4.300000
99.199959,296.837524,298.475250,4.700000,10.833333,4.233333
99.216759,297.940033,298.382294,4.366667,10.566667,3.433333
99.242203,298.997101,298.489471,4.066667,10.333333,2.466667
99.302261,301.529236,299.018738,3.400000,9.800000,1.533333
99.395332,298.955719,299.008606,3.633333,8.900000,0.566667
99.507690,296.256165,298.530823,3.800000,7.800000,0.400000
99.648277,294.023499,297.748047,4.000000,7.133333,0.066667
99.813255,293.116211,296.943848,3.800000,6.133333,-0.066667
99.983948,290.672668,295.854553,3.766667,4.900000,0.033333
100.152328,290.905029,294.995117,3.600000,4.600000,0.000000
100.313362,286.751038,293.562531,4.100000,3.966667,0.033333
100.473877,283.832397,291.871460,4.566667,3.700000,0.433333
100.622330,280.941620,289.971619,5.033333,3.366667,1.033333
100.753479,282.362518,288.649231,4.633333,3.233333,0.766667
100.855461,281.769958,287.453552,4.500000,2.766667,0.700000
100.940720,285.165894,287.056396,3.800000,2.733333,0.800000
101.015190,286.504608,286.961060,3.700000,3.033333,0.233333
101.066109,286.305786,286.847534,3.833333,3.233333,0.500000
101.088158,283.991272,286.350922,4.200000,3.066667,0.933333
101.104828,278.961853,285.065796,4.433333,1.633333,1.566667
101.122910,275.230347,283.355164,4.900000,1.033333,3.433333
101.141418,270.399963,281.101868,5.766667,0.433333,4.433333
101.146538,270.310089,279.224762,5.500000,0.100000,5.766667
101.114296,269.940338,277.609528,5.433333,-0.100000,6.900000
101.022903,271.572388,276.558624,4.966667,-0.100000,7.433333
100.888237,273.332489,275.996277,4.333333,-0.333333,7.933333
100.745415,274.167542,275.676910,4.166667,-0.300000,8.100000
100.591888,273.651123,275.323181,4.233333,-0.366667,7.766667
100.439171,272.020782,274.747406,4.600000,-0.400000,7.533333
100.307991,271.427002,274.168701,4.500000,-0.700000,6.700000
100.228409,273.151733,273.991089,4.533333,-0.133333,6.133333
100.226952,270.772278,273.431183,4.900000,-0.433333,6.366667
100.328377,270.225800,272.874512,5.200000,-0.266667,6.133333
100.525124,269.300873,272.254639,5.600000,-0.133333,5.133333
100.775627,271.244019,272.081055,5.566667,0.500000,4.900000
101.054214,272.416443,272.141846,5.500000,0.833333,4.166667
101.346039,275.063477,272.652618,5.233333,1.433333,2.766667
101.645103,277.233368,273.452057,5.500000,2.633333,1.966667
101.946747,279.249359,274.463104,5.366667,3.233333,1.700000
102.231606,280.839752,275.574799,5.566667,4.233333,1.633333
102.496017,281.436890,276.596771,5.933333,5.133333,1.800000
102.746666,282.180389,277.570221,6.166667,5.900000,2.166667
102.981697,283.042358,278.524109,6.133333,6.266667,2.400000
103.205666,281.472839,279.038971,6.900000,6.833333,3.100000
103.417259,281.955994,279.548218,7.000000,7.266667,4.000000
103.636765,281.418701,279.875519,7.300000,7.500000,4.766667
103.890244,280.931366,280.061432,7.300000,7.233333,5.633333
104.173187,282.899933,280.557648,7.100000,7.966667,6.433333
104.477623,283.524719,281.076416,7.000000,8.133333,7.933333
104.792290,281.220032,281.104156,7.266667,7.333333,8.200000
105.115166,283.978455,281.606964,6.566667,7.566667,8.633333
105.438324,282.197998,281.712616,6.833333,7.100000,8.966666
105.769432,280.656006,281.531738,7.033333,6.633333,9.233334
106.078354,279.968018,281.262451,6.966667,6.166667,9.300000
106.348328,279.821503,281.014191,6.666667,5.600000,9.466666
106.576996,276.227753,280.183655,7.166667,4.633333,9.433333
106.764503,275.845032,279.430664,6.800000,3.933333,9.333333
106.914963,272.166077,278.168396,7.400000,3.066667,9.000000
107.043945,270.909546,276.906921,7.133333,2.200000,7.800000
107.133232,270.149475,275.732300,7.033333,1.766667,6.700000
107.160294,269.247925,274.604614,6.666667,1.000000,5.866667
107.114731,270.994141,273.976196,6.100000,1.033333,4.966667
106.998665,269.496490,273.195953,5.600000,-0.066667,4.866667
106.858818,270.362488,272.701874,5.866667,0.533333,5.533333
106.717033,271.663025,272.519928,5.833333,0.966667,5.300000
106.578644,270.979645,272.250793,6.133333,1.066667,5.133333
106.437500,272.303101,272.258667,5.966667,1.366667,4.900000
106.322662,273.373810,272.451630,5.700000,1.433333,4.166667
106.254189,273.839844,272.692505,5.566667,1.433333,3.766667
106.258392,274.459106,272.999817,6.066667,2.333333,3.000000
106.329926,276.835236,273.667572,5.833333,2.966667,2.766667
106.416664,276.433197,274.149384,6.200000,3.333333,2.800000
106.483269,278.484070,274.903961,6.033333,3.966667,2.700000
106.536598,277.594727,275.372467,6.133333,3.733333,2.466667
106.590446,278.869629,275.981262,6.200000,4.400000,2.533333
106.637093,278.126953,276.354889,6.566667,4.633333,2.833333
106.670990,278.616241,276.748535,6.400000,4.600000,2.933333
106.715698,278.794373,277.104797,6.833333,5.366667,2.900000
106.774170,280.013489,277.611237,7.033333,6.300000,3.233333
106.861450,280.642639,278.139313,7.333333,7.133333,3.933333
107.012978,282.184235,278.844238,7.266667,7.866667,4.333333
107.236649,284.910767,279.901428,7.000000,8.933333,5.133333
107.517769,287.113831,281.158447,6.633333,9.500000,5.566667
107.860168,287.488098,282.262451,6.666667,9.800000,6.266667
108.276093,290.055450,283.621643,6.133333,10.200000,6.733333
108.735832,291.153198,284.935760,5.966667,10.500000,6.500000
109.211166,293.667542,286.458771,5.466667,10.866667,6.933333
109.695976,294.962860,287.942261,5.233333,11.100000,7.500000
110.175179,295.221283,289.212616,5.100000,10.900000,7.766667
110.638519,297.411743,290.642883,4.733333,11.333333,7.466667
111.097336,299.055481,292.110229,4.433333,11.566667,6.500000
111.551865,300.387909,293.554077,4.100000,11.433333,5.166667
111.982445,303.872009,295.352600,3.400000,11.533334,3.800000
112.367508,303.510437,296.774994,3.266667,10.733334,2.466667
112.714218,299.683594,297.283966,3.633333,9.366667,1.366667
113.024895,295.628723,296.998810,4.166667,8.500000,0.833333
113.316994,291.022491,295.961853,4.400000,6.600000,0.800000
113.593681,290.695313,295.048218,3.333333,3.866667,0.733333
113.864738,283.290649,293.005493,4.666667,3.666667,1.466667
114.117928,279.878204,290.724365,4.966667,2.833333,2.100000
114.341240,278.291290,288.563690,4.733333,1.866667,2.533333
114.523140,274.445892,286.109619,5.100000,1.033333,3.300000
114.685875,274.318298,284.060059,5.033333,0.900000,3.700000
114.838730,274.413635,282.383484,5.133333,1.066667,4.000000
114.970001,273.179138,280.783630,5.233333,0.766667,4.300000
115.094025,272.336945,279.315491,5.333333,0.600000,4.400000
115.204033,270.939484,277.859497,5.400000,0.200000,5.333333
115.308067,269.833649,276.464386,5.766667,0.233333,6.833333
115.419449,268.986023,275.164581,6.200000,0.400000,8.666667
115.567581,271.771149,274.575623,5.966667,1.166667,9.500000
115.741554,272.656860,274.243408,6.233333,1.833333,10.366667
115.939957,272.475555,273.937653,6.533333,2.133333,10.000000
116.152473,274.603943,274.055420,6.666667,3.200000,10.333333
116.373505,275.308960,274.275391,6.733333,3.600000,10.866667
116.591492,278.088196,274.940521,6.600000,4.666667,11.066667
116.803787,279.953613,275.814362,6.566667,5.500000,10.966666
117.020798,283.123840,277.087708,6.400000,6.800000,11.066667
117.234947,286.163574,278.668274,6.033333,7.700000,10.833333
117.433441,289.113007,280.486786,5.600000,8.400000,10.933333
117.615089,289.770569,282.103210,5.566667,8.700000,10.700000
117.778519,291.247528,283.695221,5.466667,9.333333,10.133333
117.899620,293.875092,285.466980,5.266667,10.466666,9.466666
117.979988,294.049255,286.960510,5.200000,10.400000,8.933333
118.026787,292.364929,287.900970,5.666667,10.533334,8.333333
118.053398,291.434814,288.515869,5.933333,10.600000,7.733333
118.056450,292.073578,289.134735,5.833333,10.766666,7.233333
118.058952,291.407471,289.530090,5.900000,10.500000,6.700000
118.056412,290.370300,289.676208,6.133333,10.400000,6.333333
118.063942,292.025085,290.084839,5.766667,10.566667,5.966667
118.099983,291.766846,290.377747,5.833333,10.566667,5.766667
118.164452,291.209900,290.523071,6.033333,10.700000,5.300000
118.250717,291.610687,290.713013,5.766667,10.300000,5.033333
118.346046,291.066040,290.775238,5.866667,10.200000,4.266667
118.467812,290.577087,290.741852,5.800000,9.733334,3.600000
118.607086,290.256653,290.658691,5.700000,9.300000,2.900000
118.774597,288.483337,290.281799,5.833333,8.566667,2.700000
118.960449,290.552368,290.330505,5.333333,8.600000,2.533333
119.151093,287.900452,289.909515,6.000000,8.600000,3.133333
119.347527,286.890045,289.386047,6.033333,8.100000,2.500000
119.541580,287.259827,289.017914,5.733333,7.666667,2.333333
119.715096,287.222778,288.707214,5.633333,7.433333,2.100000
119.860779,283.346252,287.776001,6.033333,6.233333,2.033333
119.982010,279.463470,286.331177,6.733333,5.533333,2.666667
120.086746,278.839508,285.028992,6.566667,4.966667,2.833333
120.175400,277.259827,283.678375,6.833333,4.633333,2.966667
120.254204,278.990295,282.863617,6.333333,4.666667,2.800000
120.327774,277.473053,281.926636,6.766667,4.633333,2.766667
120.410301,279.248413,281.461517,6.466667,5.000000,2.600000
120.514435,280.836853,281.353760,6.233333,5.366667,2.300000
120.664749,281.229370,281.333466,6.433333,5.900000,2.500000
120.845245,281.820923,281.419830,6.833333,6.900000,3.300000
121.015541,283.235992,281.737244,6.800000,7.600000,3.800000
121.186775,284.955414,282.298523,6.766667,8.500000,4.166667
121.376007,285.471863,282.852173,6.933333,9.133333,5.533333
121.567627,286.148468,283.427216,6.800000,9.266666,6.266667
121.759163,287.913605,284.209290,6.500000,9.700000,6.966667
121.948402,286.489258,284.607544,6.733333,9.333333,7.466667
122.126045,284.582397,284.604736,7.133333,9.000000,8.666667
122.293777,284.743225,284.630310,7.033333,8.900000,8.100000
122.478966,283.073975,284.361237,7.300000,8.433333,8.700000
122.665421,283.154449,284.152954,7.166667,8.233334,9.366667
122.842957,281.165710,283.634918,7.400000,7.533333,9.733334
123.036568,280.186462,283.036804,7.100000,6.500000,10.166667
123.241219,278.300781,282.214813,7.266667,5.800000,10.333333
123.457558,275.223511,281.000641,7.533333,4.666667,10.333333
123.659935,273.839966,279.756897,7.300000,3.700000,9.900000
123.833832,271.214600,278.272583,7.533333,2.800000,9.066667
123.943832,269.543671,276.755219,7.566667,2.100000,7.900000
123.981232,269.140167,275.430969,7.233333,1.566667,6.766667
123.949951,270.034973,274.492096,6.300000,0.900000,5.433333
123.848190,272.697571,274.179047,5.633333,1.100000,4.566667
123.691414,274.470032,274.228271,5.466667,1.533333,3.533333
123.510292,277.043549,274.716370,5.100000,1.966667,2.700000
123.336128,278.268921,275.332764,5.233333,2.633333,2.433333
123.192780,278.310211,275.849396,5.566667,3.166667,2.366667
123.112503,278.570435,276.321991,5.966667,3.900000,2.166667
123.123444,278.153656,276.640686,6.666667,4.800000,2.333333
123.201057,279.441345,277.128510,6.966667,5.900000,3.100000
123.330727,279.810913,277.596222,7.300000,6.633333,3.366667
123.495270,280.966919,278.183990,7.366667,7.366667,3.966667
123.668640,280.071289,278.513794,7.700000,7.433333,4.900000
123.828972,280.034485,278.779724,7.833333,7.633333,5.566667
123.972610,281.253052,279.211212,7.700000,8.100000,6.033333
124.089439,280.389618,279.417206,7.733333,7.666667,6.000000
124.154007,279.317047,279.400360,7.833333,7.233333,6.166667
124.192795,279.016357,279.333923,8.000000,7.333333,6.066667
124.228935,278.428680,279.176788,7.866667,6.800000,6.666667
124.269577,279.243835,279.188812,7.900000,7.300000,6.833333
124.313568,278.953339,279.148224,7.833333,7.033333,7.966667
124.357018,277.526825,278.866577,7.900000,6.366667,8.900000
124.389900,276.470764,278.450134,7.800000,5.666667,9.200000
124.386459,275.552917,277.946167,7.800000,5.200000,8.933333
124.344971,273.755951,277.216949,7.866667,4.400000,9.200000
124.275383,272.521210,276.399567,7.566667,3.433333,9.033334
124.175774,270.956360,275.451874,7.833333,3.033333,8.700000
124.062637,272.182159,274.882111,7.666667,3.400000,8.533334
123.948074,272.435852,274.455597,7.733333,3.600000,8.933333
123.845795,273.187103,274.234039,7.900000,4.166667,8.700000
123.768120,273.829620,274.163025,7.966667,4.566667,8.900000
123.736954,274.496704,274.220795,8.166667,5.166667,8.766666
123.752892,275.278046,274.404846,8.333333,5.800000,7.933333
123.798241,275.453339,274.587616,8.266666,5.800000,7.666667
123.883987,275.754059,274.791260,8.366667,6.100000,6.300000
123.974586,275.529510,274.920471,8.333333,5.933333,5.200000
124.053238,276.780640,275.244720,7.600000,5.533333,4.666667
124.110558,274.820251,275.171387,7.333333,4.200000,3.866667
124.143600,275.194794,275.175751,6.866667,3.733333,3.333333
124.169411,274.346436,275.031738,6.800000,3.266667,3.466667
124.201805,274.103729,274.870605,6.300000,2.500000,3.700000
124.255287,274.320007,274.775299,6.033333,2.233333,3.766667
124.306755,274.151855,274.667297,6.033333,2.166667,3.700000
124.372528,272.036163,274.210205,6.433333,1.833333,4.366667
124.465988,270.645813,273.591034,6.533333,1.400000,5.000000
124.598923,271.598206,273.245544,6.300000,1.500000,5.633333
124.787445,270.179382,272.713867,6.933333,1.666667,5.733333
125.037552,269.784546,272.206543,7.200000,1.800000,6.333333
125.339317,269.403809,271.721680,7.500000,1.966667,7.033333
125.676125,269.949280,271.416351,7.766667,2.500000,7.300000
126.031487,270.822571,271.316193,7.800000,2.933333,7.133333
126.417435,271.101074,271.282166,7.833333,3.100000,7.433333
126.827194,271.388153,271.304199,8.200000,3.666667,7.800000
127.242462,272.922974,271.589417,8.133333,4.333333,8.333333
127.638512,274.826721,272.156006,8.066667,5.200000,8.400000
127.987770,276.171814,272.857605,8.000000,5.800000,8.666667
128.287933,277.122681,273.602142,8.066667,6.400000,8.200000
128.542267,277.216431,274.233063,8.100000,6.500000,8.500000
128.747894,278.016174,274.892914,8.033334,6.833333,7.833333
128.861847,278.095581,275.450989,8.200000,7.133333,7.733333
128.891556,277.183258,275.752563,8.000000,6.333333,7.666667
128.865738,275.629547,275.730927,8.366667,6.033333,7.566667
128.838562,275.351257,275.664642,8.233334,5.700000,7.766667
128.857498,275.930115,275.710999,8.300000,6.100000,7.233333
128.941528,278.467651,276.191223,8.066667,7.133333,7.266667
129.111710,279.639771,276.792572,7.866667,7.466667,7.666667
129.378784,281.295502,277.578156,7.666667,8.066667,8.400000
129.755127,281.318237,278.232025,7.466667,7.733333,8.600000
130.229721,281.808441,278.858307,7.366667,7.833333,8.900000
130.789139,280.271210,279.109009,7.433333,7.100000,9.500000
131.378647,280.188873,279.302032,7.400000,7.000000,10.133333
131.945877,278.807648,279.221039,7.166667,5.900000,11.166667
132.496155,278.534241,279.106415,6.466667,4.666667,11.333333
132.985901,275.358124,278.458740,6.333333,3.066667,10.800000
133.396896,273.400757,277.582581,6.366667,2.300000,9.966666
133.746887,269.784210,276.229187,6.566667,1.100000,8.700000
134.037781,269.153931,275.001068,6.266667,0.533333,6.933333
134.259186,271.735901,274.435059,5.700000,0.833333,5.166667
134.407486,272.372772,274.077637,5.566667,0.900000,4.500000
134.492584,275.464539,274.319641,5.033333,1.300000,3.500000
134.512436,279.971649,275.302948,4.500000,2.100000,2.300000
134.496597,281.482941,276.377747,4.466667,2.600000,1.600000
134.448807,283.963745,277.696838,4.433333,3.500000,1.033333
134.377670,285.185883,278.998871,4.333333,3.800000,1.133333
134.297546,284.112244,279.887604,4.733333,4.133333,0.866667
134.224762,283.090088,280.444031,5.000000,4.200000,1.133333
134.163788,282.696960,280.835388,5.366667,4.700000,1.300000
134.099670,281.730408,280.990509,5.400000,4.333333,1.533333
134.026108,280.374695,280.882751,5.766667,4.366667,1.966667
133.963547,278.792419,280.518616,5.800000,3.733333,2.400000
133.940781,277.992981,280.079102,5.933333,3.600000,2.266667
133.973373,276.835236,279.515137,5.833333,2.966667,2.233333
134.035980,273.878326,278.535217,6.166667,2.233333,3.300000
134.147736,273.016357,277.576233,6.200000,1.933333,3.600000
134.290176,274.483521,277.039551,6.233333,2.566667,3.433333
134.518570,273.544250,276.433594,6.166667,2.100000,3.233333
134.814621,273.376343,275.904419,6.166667,2.033333,3.633333
135.137192,272.618805,275.335754,6.566667,2.233333,3.966667
135.510971,271.947937,274.749786,6.600000,2.000000,4.666667
135.921906,271.464905,274.182037,6.933333,2.200000,5.133333
136.366928,270.676605,273.576233,7.800000,2.866667,5.800000
136.773010,270.876129,273.110138,8.066667,3.266667,6.133333
137.108017,270.363922,272.635406,7.866667,2.800000,7.133333
137.306198,271.308044,272.406250,7.300000,2.566667,8.766666
137.340317,274.124695,272.705475,6.066667,2.200000,10.400000
137.201233,278.172638,273.655212,4.566667,1.566667,11.300000
136.905182,286.431335,275.874908,2.733333,1.000000,11.133333
136.524612,298.201813,279.755127,1.000000,0.133333,10.066667
136.150787,296.561890,282.675232,0.966667,-0.433333,8.700000
135.871674,285.320862,283.132935,1.800000,-1.200000,6.866667
135.783264,277.023834,282.069519,3.166667,-0.900000,5.300000
135.947311,273.141174,280.517944,4.300000,-0.433333,4.300000
136.418182,273.143616,279.239410,5.033333,0.500000,3.633333
137.209930,272.607941,278.092896,5.766667,1.233333,3.700000
138.247787,274.866760,277.540894,6.166667,2.633333,3.366667
139.418365,274.757629,277.067078,6.666667,3.266667,3.400000
140.615906,275.518494,276.808289,6.666667,3.600000,3.266667
141.772461,277.693390,276.972443,6.566667,4.433333,2.700000
142.843643,279.850159,277.482422,6.333333,5.066667,1.800000
143.813126,282.863403,278.426941,6.000000,5.933333,1.466667
144.670715,285.674622,279.695190,5.900000,7.166667,1.633333
145.407333,285.830383,280.768860,6.466667,8.400000,2.800000
146.030212,286.042145,281.691589,6.733333,9.066667,4.000000
146.509659,287.348572,282.679810,6.566667,9.500000,5.633333
146.809021,284.025787,282.916565,7.200000,8.800000,7.133333
146.902527,278.846680,282.209473,7.933333,7.133333,8.066667
146.721680,273.747742,280.736023,8.100000,4.700000,8.700000
146.230011,269.673615,278.807465,7.666667,2.266667,7.866667
145.414856,270.335815,277.326691,5.433333,0.033333,7.233333
144.309280,275.028534,276.917206,3.466667,-1.000000,7.133333
142.983078,287.807159,278.799713,1.400000,-1.466667,7.333333
141.551514,302.014709,282.825165,0.300000,-1.166667,7.766667
140.078384,307.688995,287.137054,-0.066667,-1.066667,7.866667
138.639877,324.026550,293.541016,-1.000000,-0.533333,8.133333
137.402573,343.425385,302.207092,-2.166667,-0.166667,8.033334
136.512100,343.603271,309.399780,-2.166667,-0.300000,7.766667
136.036530,318.623291,310.999939,-0.700000,-0.766667,7.900000
135.999008,288.335632,307.057343,1.466667,-1.200000,8.266666
136.347916,279.656464,302.294250,3.200000,-0.133333,9.133333
137.050354,276.725739,297.853027,4.200000,0.533333,9.866667
138.111832,274.036835,293.719757,5.966667,2.033333,10.300000
139.501328,274.106323,290.320404,7.333333,3.866667,9.733334
141.103668,277.497955,288.104156,7.666667,6.000000,9.200000
142.783844,282.421661,287.130524,7.100000,7.700000,8.766666
144.423477,288.467316,287.377502,6.166667,9.300000,8.633333
145.888336,291.528992,288.112518,5.666667,10.000000,8.000000
147.056122,290.515198,288.540741,6.066667,10.333333,6.866667
147.880661,284.462555,287.838623,7.066667,8.800000,5.266667
148.353348,279.684357,286.424408,7.300000,6.566667,3.300000
148.498901,278.192627,284.993835,7.000000,5.333333,2.733333
148.359329,279.610443,284.056213,6.300000,4.900000,2.166667
147.950760,278.723755,283.125061,5.966667,3.966667,2.033333
147.307739,278.146576,282.253418,5.566667,3.100000,2.033333
146.504807,276.966492,281.326721,5.300000,2.233333,2.700000
145.659637,273.991394,280.043365,4.966667,0.700000,3.500000
144.810913,273.396118,278.879639,4.500000,-0.100000,4.166667
143.957596,275.670380,278.313904,3.700000,-0.500000,5.100000
143.090881,278.509247,278.340240,2.700000,-1.233333,6.033333
142.226990,285.609924,279.597137,1.733333,-1.266667,7.133333
141.457397,291.845825,281.720917,1.066667,-1.333333,7.200000
140.888062,290.126892,283.178040,1.200000,-1.400000,7.133333
140.574768,277.012817,282.102875,3.033333,-1.100000,7.033333
140.553986,270.838379,280.143341,4.766667,-0.566667,7.366667
140.812180,268.809357,278.174164,6.166667,0.300000,7.900000
141.263489,270.331055,276.813904,6.966667,1.766667,8.233334
141.806442,272.018250,275.984528,6.466667,1.866667,9.066667
142.338608,273.981964,275.640900,5.400000,1.266667,9.733334
142.713181,280.903259,276.559540,3.166667,0.166667,9.833333
142.815216,304.263123,281.379272,0.466667,0.133333,9.333333
142.618149,345.528961,292.535858,-2.300000,-0.166667,7.433333
142.085922,2.290071,242.045273,-3.700000,0.700000,5.633333
141.248001,10.361624,201.738403,-4.933333,2.000000,4.000000
140.248886,12.404754,168.796539,-5.700000,3.366667,3.300000
139.215225,9.440452,141.068726,-5.433333,3.833333,2.633333
138.273224,9.880135,118.241226,-5.700000,4.433333,2.300000
137.531281,11.092729,99.597076,-5.733333,4.000000,2.666667
137.050751,13.147038,84.555557,-5.633333,2.900000,3.566667
136.823059,11.104464,71.777328,-4.966667,1.833333,3.833333
136.841095,5.721627,60.287632,-4.200000,1.333333,4.533333
137.053894,7.711189,51.144260,-4.200000,0.666667,4.733333
137.383102,3.644334,42.884937,-3.866667,0.866667,5.266667
137.773911,4.097717,36.141659,-3.900000,0.833333,5.366667
138.146912,8.164679,31.278576,-4.266667,0.733333,5.666667
138.429291,7.029087,27.063063,-4.366667,1.433333,5.633333
138.562790,11.277534,24.318476,-5.000000,1.866667,5.533333
138.551437,14.080230,22.537516,-5.600000,2.466667,5.666667
138.449402,14.538617,21.145273,-5.933333,3.133333,5.000000
138.309204,13.114196,19.747097,-5.666667,3.000000,4.800000
138.161041,13.358559,18.634556,-5.766667,3.166667,4.833333
138.042023,11.435493,17.381289,-5.366667,2.833333,5.633333
138.026474,12.503508,16.532701,-5.366667,2.433333,5.566667
138.228958,7.290836,14.926939,-4.466667,1.666667,6.200000
138.756073,350.495789,73.301064,-2.700000,0.366667,7.833333
139.620209,299.835205,112.712448,0.700000,-0.366667,9.766666
140.774933,278.438354,141.549301,4.400000,1.400000,10.866667
142.157959,276.074371,164.961029,6.400000,3.466667,10.333333
143.739883,277.401459,184.533066,7.633333,5.900000,8.966666
145.427216,278.587769,200.907990,8.066667,7.200000,6.666667
147.081421,281.673828,214.971130,7.466667,7.933333,4.733333
148.489471,281.689423,226.588638,7.366667,7.766667,3.566667
149.460754,276.192993,235.225464,7.666667,5.333333,3.866667
149.870071,270.218994,241.315903,7.333333,2.133333,6.066667
149.678986,271.877197,246.630096,5.133333,0.200000,8.466666
148.921906,297.499908,255.471817,1.066667,0.133333,10.266666
147.671799,347.990906,271.553741,-2.700000,1.833333,9.433333
146.054428,8.517457,225.786469,-5.400000,4.133333,7.866667
144.251068,11.824121,188.553558,-6.366667,5.433333,5.566667
142.524078,10.440657,157.557053,-6.466667,6.400000,4.000000
141.112274,10.963290,132.045822,-6.066667,5.000000,2.800000
140.254044,10.333386,110.867371,-5.033333,2.300000,3.366667
140.054565,345.474182,151.673569,-2.266667,-0.466667,5.466667
140.489914,283.017456,174.523605,2.100000,-1.166667,7.433333
141.475830,268.842377,190.938278,5.966667,0.100000,6.900000
142.892761,269.353638,204.590485,6.966667,1.366667,6.100000
144.577209,271.460449,216.236816,7.300000,2.633333,5.100000
146.347122,272.546082,226.046951,6.966667,2.700000,4.300000
148.043427,271.363586,233.944366,7.166667,2.433333,4.566667
149.524124,269.410553,240.126465,7.466667,1.933333,5.666667
150.696701,269.832458,245.303925,7.633333,2.300000,7.700000
151.582718,273.446014,250.206818,6.766667,2.833333,9.833333
152.200577,277.938629,255.035980,5.600000,3.066667,11.066667
152.600067,286.451233,260.503937,3.966667,3.566667,11.766666
152.917023,294.848999,266.480774,2.333333,2.933333,12.066667
153.183655,300.549255,272.409058,1.133333,1.333333,11.066667
153.492630,289.299316,275.349701,1.600000,-0.666667,8.866667
153.839569,280.380981,276.227905,2.400000,-1.266667,6.666667
154.238312,277.872803,276.517517,2.866667,-1.133333,5.600000
154.678848,276.341187,276.490723,3.266667,-0.933333,4.666667
155.173935,276.593567,276.512970,3.266667,-0.866667,4.666667
155.736465,275.434082,276.330261,3.700000,-0.566667,4.700000
156.277954,273.036774,275.762146,4.166667,-0.633333,4.900000
156.803635,272.494385,275.198395,4.266667,-0.666667,5.200000
157.253113,271.268494,274.518768,4.766667,-0.433333,5.833333
157.625732,270.838379,273.881866,4.766667,-0.566667,6.900000
157.959305,271.328156,273.440613,5.033333,-0.100000,8.166667
158.259705,270.297424,272.896515,5.533333,0.133333,9.333333
158.510803,272.025421,272.747223,5.833333,1.100000,9.433333
158.712936,273.038391,272.799652,5.666667,1.266667,9.266666
158.880981,269.813446,272.281708,5.833333,0.300000,8.766666
159.003281,269.962891,271.879456,5.366667,-0.166667,7.366667
159.084991,271.632874,271.837311,4.866667,-0.200000,5.533333
159.159698,276.026245,272.566589,3.933333,-0.066667,3.933333
159.209839,277.189606,273.371185,4.033333,0.433333,2.766667
159.251541,275.826202,273.798584,4.400000,0.533333,2.800000
159.310913,273.674072,273.777466,4.433333,-0.100000,4.166667
159.390152,271.482269,273.378937,4.766667,-0.366667,5.700000
159.484238,270.033173,272.797791,5.166667,-0.366667,6.566667
159.581070,270.740234,272.440765,4.966667,-0.366667,5.966667
159.656876,275.094238,272.902985,4.133333,-0.066667,4.333333
159.724808,281.019348,274.315369,3.400000,0.600000,2.266667
159.833893,284.109589,276.019958,3.200000,1.200000,1.533333
159.980743,278.429688,276.440399,4.166667,1.033333,2.233333
160.161438,272.954651,275.835663,4.766667,0.100000,3.966667
160.353394,270.713806,274.946442,5.466667,0.200000,5.600000
160.544281,270.138428,274.111816,5.433333,-0.033333,5.433333
160.760986,272.344666,273.806366,5.033333,0.233333,4.433333
161.043640,278.891998,274.693451,4.133333,1.133333,2.200000
161.382813,282.582153,276.068634,4.033333,2.233333,1.433333
161.711243,278.105774,276.425873,4.733333,1.800000,2.066667
162.003021,273.768982,275.966309,5.433333,1.233333,3.166667
162.237823,271.586487,275.206543,5.633333,0.700000,4.566667
162.449982,271.909760,274.634949,5.400000,0.533333,4.800000
162.691391,273.534119,274.445587,5.266667,0.933333,3.666667
162.980713,277.270142,274.939453,5.200000,2.200000,1.800000
163.279846,280.978455,275.992523,5.200000,3.666667,1.200000
163.517319,282.857056,277.188660,5.200000,4.466667,0.800000
163.645828,280.674805,277.796173,5.766667,4.500000,1.433333
163.641068,277.485535,277.742096,5.566667,2.833333,2.100000
163.543884,274.054077,277.099731,4.900000,0.633333,3.233333
163.367142,273.270966,276.432190,4.400000,-0.266667,4.466667
163.090637,271.803436,275.624603,4.600000,-0.466667,5.666667
162.691833,273.600037,275.268951,3.833333,-0.900000,5.433333
162.186996,278.523193,275.830566,3.166667,-0.500000,3.566667
161.640411,289.355988,278.178375,2.000000,0.266667,1.933333
161.121216,291.495941,280.490265,1.933333,0.733333,0.933333
160.654694,290.886017,282.294403,1.733333,0.066667,2.066667
160.192383,287.568726,283.207733,1.733333,-0.800000,3.400000
159.696213,297.054321,285.611877,0.900000,-0.500000,3.300000
159.187668,326.024017,292.636749,-1.033333,0.966667,0.700000
158.674957,332.759888,299.611328,-1.500000,3.300000,-0.700000
158.172806,342.339569,307.039124,-2.533333,5.733333,-0.733333
157.687622,350.393280,314.575928,-3.700000,7.500000,-0.366667
157.234009,352.727142,321.208008,-4.166667,8.433333,0.500000
156.837891,350.734192,326.340363,-3.966667,9.033334,0.966667
156.519119,354.676270,331.266357,-4.400000,8.133333,0.266667
156.291031,350.533997,334.615784,-3.633333,6.900000,-0.433333
156.113022,348.971588,337.111298,-3.266667,5.600000,-0.400000
155.983521,347.534607,338.923218,-3.133333,5.866667,-0.466667
155.924896,345.303772,340.032562,-3.066667,7.800000,-0.266667
155.987335,347.813934,341.386627,-3.566667,9.233334,0.500000
156.146576,354.070465,343.594299,-4.433333,8.833333,0.966667
156.378220,0.119691,283.851715,-5.100000,7.566667,0.500000
156.675217,1.211079,234.691299,-4.833333,5.766667,0.633333
157.013718,3.449335,194.471619,-5.000000,5.200000,1.000000
157.381439,3.099061,161.187164,-5.100000,5.766667,1.033333
157.749268,5.577438,134.123352,-5.966667,7.500000,1.900000
158.094681,2.080134,111.158554,-5.600000,8.333333,2.000000
158.378189,1.376970,92.065430,-5.466667,8.266666,1.733333
158.610123,3.332020,76.633011,-5.433333,6.900000,1.366667
158.793320,4.811610,64.141876,-5.266667,5.466667,1.400000
158.940598,6.906937,54.187622,-5.366667,4.766667,1.766667
159.062637,8.579353,46.255508,-5.700000,5.033333,1.900000
159.133286,7.988318,39.599865,-6.000000,6.266667,1.866667
159.138763,4.569623,33.506687,-5.833333,7.633333,1.900000
159.021332,0.211423,27.714212,-5.300000,8.366667,1.700000
158.744293,357.502228,85.075722,-4.966667,8.833333,1.366667
158.336472,356.215271,132.234650,-4.666667,8.333333,0.866667
157.845825,357.839569,171.472473,-4.700000,7.300000,0.633333
157.282990,356.617310,203.671951,-4.300000,6.166667,-0.033333
156.658142,356.217255,230.200455,-4.266667,6.266667,0.066667
156.033142,350.326904,251.089966,-3.733333,7.800000,-0.066667
155.445236,343.110596,267.091034,-2.933333,9.666667,0.466667
154.932037,341.309174,279.996155,-2.733333,10.533334,0.866667
154.485977,339.214600,290.292786,-2.366667,9.366667,0.033333
154.073120,335.586639,298.167664,-1.833333,7.566667,-1.166667
153.672714,331.428558,303.949585,-1.333333,6.933333,-1.066667
153.302917,327.118896,307.976440,-0.766667,8.166667,-0.833333
152.984451,324.746155,310.890594,-0.333333,10.066667,0.200000
152.704468,323.039917,313.001404,-0.033333,10.700000,0.433333
152.464630,323.028534,314.743439,-0.066667,10.266666,0.200000
152.265640,320.511414,315.744965,0.133333,8.533334,-0.600000
152.125824,319.087128,316.325073,0.200000,7.400000,-1.133333
152.055206,320.144562,316.988800,0.033333,7.100000,-1.366667
152.045135,320.392548,317.580750,0.166667,8.700000,-0.833333
152.057465,319.570313,317.926910,0.466667,10.400000,0.400000
152.092346,321.342957,318.521393,0.266667,11.133333,1.466667
152.140091,320.514709,318.868530,0.366667,10.833333,0.633333
152.196075,320.870422,319.217255,0.166667,9.366667,-0.233333
152.265793,321.896606,319.683899,-0.066667,8.400000,-1.000000
152.369003,321.129822,319.936310,-0.066667,7.333333,-1.400000
152.520218,323.825775,320.614197,-0.333333,8.266666,-1.066667
152.721527,322.747742,320.987061,-0.033333,10.166667,0.033333
152.970673,326.899597,322.017700,-0.566667,11.633333,2.033333
153.237274,326.825439,322.856323,-0.533333,12.066667,2.666667
153.492126,330.592468,324.204193,-1.133333,12.000000,2.200000
153.730301,325.857544,324.493866,-0.500000,9.966666,-0.100000
153.954681,323.394135,324.304535,-0.300000,7.966667,-1.033333
154.131409,314.279694,322.562347,0.300000,3.966667,-0.833333
154.220734,307.463745,319.936859,0.566667,1.766667,0.033333
154.224655,308.438568,317.936859,0.100000,-0.033333,1.766667
154.169205,301.287476,315.040344,0.400000,-1.000000,4.000000
154.062866,300.259033,312.468323,0.400000,-1.266667,5.866667
153.930359,297.339355,309.835602,0.700000,-1.033333,8.633333
153.780075,306.046509,309.175171,0.500000,0.900000,10.766666
153.599503,311.230469,309.531097,0.400000,2.733333,12.200000
153.389709,307.258118,309.133881,1.100000,4.100000,12.366667
153.164185,305.846436,308.560059,1.400000,4.666667,12.533334
152.928955,303.752991,307.721832,1.600000,4.400000,12.533334
152.668060,299.452148,306.281097,1.933333,3.600000,12.266666
152.422577,298.462463,304.918945,1.666667,2.333333,11.933333
152.231812,298.482330,303.797668,1.266667,1.066667,11.000000
152.098053,292.871613,301.895996,1.833333,0.900000,11.233334
152.052307,294.009644,300.523834,1.700000,0.900000,11.033334
152.108978,293.521057,299.306274,2.433333,2.700000,11.966666
152.254288,291.177856,297.893677,3.333333,4.066667,12.400000
152.452286,285.771179,295.786804,4.033333,3.433333,12.233334
152.705322,284.567627,293.837524,4.033333,2.966667,11.766666
153.007462,278.121033,291.106445,4.600000,1.600000,11.133333
153.352966,276.547516,288.577087,4.766667,1.300000,10.766666
153.706818,278.310211,286.794373,5.566667,3.166667,11.166667
153.969009,279.631256,285.550720,5.966667,4.366667,11.166667
154.108612,272.598999,283.299103,6.600000,2.266667,10.066667
154.163345,271.381805,281.226654,5.666667,0.666667,7.466667
154.158524,270.114502,279.293732,5.500000,0.033333,7.966667
154.120499,273.116821,278.218994,5.066667,0.533333,9.133333
154.047379,272.826630,277.280396,4.666667,-0.066667,9.066667
153.905228,278.720428,277.529602,4.000000,0.866667,10.600000
153.715668,291.868622,280.022095,2.300000,1.766667,11.766666
153.538132,310.372894,285.299805,0.566667,3.166667,12.166667
153.392761,317.302124,290.865051,-0.066667,3.533333,12.000000
153.264618,331.241699,297.887115,-1.333333,5.466667,11.933333
153.173035,334.634003,304.278137,-1.700000,6.166667,11.433333
153.106049,344.210907,311.223541,-2.833333,6.766667,11.166667
153.038071,347.776764,317.581085,-3.300000,7.033333,10.900000
152.997391,343.234436,322.042938,-2.700000,6.566667,11.166667
153.017227,340.977234,325.336578,-2.400000,6.000000,11.533334
153.117783,343.587799,328.512115,-2.733333,6.466667,10.866667
153.284805,352.240112,332.640869,-3.933333,7.400000,10.066667
153.497620,355.738159,336.660309,-4.733333,9.066667,8.066667
153.756119,356.673309,340.143677,-5.033333,9.833333,6.900000
154.034134,358.037079,343.258545,-5.200000,9.533334,5.866667
154.333847,0.172330,283.584137,-5.533333,9.400000,5.666667
154.648773,2.219661,234.645844,-5.766667,8.900000,5.500000
154.957733,2.557553,194.278687,-5.800000,8.800000,5.466667
155.266830,3.356675,161.072083,-5.966667,8.900000,5.166667
155.597488,4.924662,133.914413,-6.100000,8.366667,4.766667
155.951401,6.012877,111.670090,-6.266667,8.266666,4.733333
156.299393,7.296824,93.518280,-6.400000,7.933333,4.066667
156.655273,6.615834,78.405441,-6.366667,8.233334,3.766667
157.029312,6.279027,65.862930,-6.166667,7.766667,2.700000
157.401947,6.011693,55.455578,-6.100000,7.700000,2.233333
157.761093,7.904636,47.187641,-6.133333,6.733333,1.866667
158.090286,7.314701,40.254971,-6.166667,7.166667,2.033333
158.363464,8.306887,34.700268,-6.266667,6.933333,1.866667
158.563629,6.445193,29.787292,-6.066667,7.333333,1.533333
158.693954,2.795769,25.093485,-5.600000,7.866667,1.333333
158.750610,1.628707,21.012478,-5.500000,8.233334,1.566667
158.721283,358.621094,79.736496,-5.233333,9.233334,1.366667
158.613663,353.437561,127.343628,-4.466667,9.600000,1.466667
158.436493,348.502869,165.810913,-3.766667,10.033334,0.500000
158.207062,342.498383,196.542252,-2.833333,9.500000,0.033333
157.976227,341.520599,221.758026,-2.700000,9.566667,-0.166667
157.788879,343.863770,242.995682,-3.133333,10.733334,1.133333
157.656845,348.735443,261.387085,-3.933333,11.066667,3.333333
157.554749,348.758148,276.583679,-3.966667,11.300000,4.900000
157.457077,348.299805,289.057251,-3.900000,11.366667,5.233333
157.340103,344.114166,298.632935,-3.233333,11.433333,4.833333
157.188934,341.262512,306.046661,-2.800000,11.666667,5.133333
157.016281,331.285553,310.435242,-1.233333,12.633333,5.166667
156.818375,328.112854,313.508392,-0.733333,12.200000,5.266667
156.604385,326.948517,315.844299,-0.533333,12.466666,4.600000
156.415298,326.302399,317.661743,-0.433333,12.366667,4.966667
156.303467,331.015320,319.983521,-1.200000,12.000000,7.200000
156.304825,334.024567,322.425842,-1.666667,11.000000,8.000000
156.433304,339.532318,325.402496,-2.466667,10.466666,8.600000
156.705414,339.573273,327.869781,-2.433333,9.700000,9.033334
157.127975,341.362000,330.220367,-2.666667,9.400000,9.666667
157.693222,345.383087,332.862793,-3.100000,8.033334,9.833333
158.338623,354.476288,336.627991,-4.033333,6.233333,9.833333
158.959137,1.196221,278.287842,-4.766667,5.500000,9.166667
159.478012,2.378275,230.300171,-5.166667,6.433333,8.300000
159.843353,0.368628,190.308655,-5.333333,8.400000,7.266667
160.054062,356.345673,219.191299,-4.933333,9.600000,6.000000
160.100327,351.071960,242.131271,-4.266667,10.733334,4.533333
159.978928,345.810760,260.164398,-3.466667,11.066667,2.800000
159.714386,344.972198,274.913696,-3.300000,10.700000,1.566667
159.367722,348.530548,287.715698,-3.733333,9.733334,0.466667
159.014526,354.196808,299.276459,-4.400000,8.533334,0.533333
158.726776,0.019828,247.220657,-5.100000,7.633333,0.500000
158.579681,3.357116,204.801270,-5.366667,6.633333,0.500000
158.616669,6.411329,170.293274,-5.633333,5.900000,0.766667
158.864258,10.155602,142.440811,-5.833333,4.700000,1.700000
159.311859,10.793693,119.545807,-5.700000,4.033333,1.966667
159.910889,10.406587,100.567207,-5.400000,3.333333,2.000000
160.600006,10.626384,84.928802,-5.233333,2.766667,2.366667
161.316925,9.774455,71.862625,-5.233333,3.100000,1.766667
162.029068,6.661376,60.527676,-5.000000,3.666667,1.066667
162.695175,5.097252,50.891876,-5.166667,4.966667,0.500000
163.249985,4.058783,42.750530,-5.266667,5.866667,0.600000
163.635834,4.442403,36.090542,-5.600000,6.866667,0.333333
163.794098,1.140457,30.012653,-5.266667,7.600000,0.866667
163.697586,354.484314,86.451012,-4.466667,8.666667,0.933333
163.359314,346.939697,131.757935,-3.466667,9.466666,0.533333
162.832962,343.670166,168.613708,-3.033333,9.900000,0.366667
162.165909,341.644287,198.705093,-2.733333,9.800000,0.200000
161.408630,340.664276,223.391068,-2.533333,8.800000,-0.466667
160.625061,345.383087,244.603683,-3.100000,8.033334,-0.300000
159.892090,353.738556,263.580353,-4.166667,7.566667,-0.233333
159.286987,1.336130,217.959747,-5.200000,7.200000,0.733333
158.821732,7.070209,181.273132,-5.900000,6.433333,1.366667
158.483017,7.445458,151.034241,-5.900000,6.233333,1.500000
158.237045,6.130253,125.827202,-5.766667,6.500000,1.100000
158.043945,4.512619,104.723816,-5.666667,7.066667,0.800000
157.873474,357.829285,148.747955,-4.733333,7.466667,0.133333
157.724411,350.031036,183.758209,-3.633333,7.366667,-0.366667
157.580032,336.905212,210.395615,-2.000000,7.733333,-1.066667
157.413223,325.717438,230.453430,-0.600000,7.933333,-1.266667
157.233566,322.352051,246.436859,-0.133333,8.333333,-0.800000
157.083618,317.019135,258.712738,0.700000,9.166667,-0.500000
157.007202,316.790741,268.814270,0.800000,9.666667,-0.200000
157.005569,315.722473,276.973541,1.000000,9.933333,0.400000
157.070572,315.782104,283.724548,1.033333,10.233334,0.366667
157.195267,315.124847,289.187500,1.166667,10.433333,0.633333
157.364380,315.297852,293.730682,1.100000,10.166667,0.300000
157.560562,319.376862,298.193359,0.466667,10.133333,-0.200000
157.798431,324.776703,302.819397,-0.400000,9.133333,-0.666667
158.069443,334.413666,308.317352,-1.700000,8.566667,-0.700000
158.359406,341.873474,314.156708,-2.633333,7.900000,-0.700000
158.688156,353.726807,321.042511,-4.233333,7.966667,-0.233333
159.063431,2.128728,265.573364,-5.633333,8.433333,1.766667
159.490677,5.136900,220.276306,-6.100000,8.233334,5.366667
159.978455,5.888646,182.989609,-5.766667,6.633333,7.300000
160.544037,0.365395,151.228592,-4.600000,5.266667,9.600000
161.167862,350.888977,185.963394,-3.266667,4.066667,10.333333
161.807709,340.162872,212.790771,-2.133333,2.866667,10.866667
162.397537,334.431763,233.954422,-1.633333,1.900000,10.766666
162.879425,335.504517,251.622482,-1.700000,1.033333,10.100000
163.195786,346.811005,268.182526,-2.566667,1.500000,9.166667
163.309143,355.373383,283.349670,-3.400000,2.200000,9.533334
163.195557,359.392273,296.575653,-4.166667,3.900000,9.766666
162.863205,0.015393,244.988480,-4.700000,5.900000,9.100000
162.361282,357.744171,264.596985,-4.700000,7.366667,9.033334
161.765320,354.514160,280.232117,-4.400000,8.266666,8.533334
161.183289,353.812531,293.025726,-4.400000,8.866667,8.466666
160.714996,351.111755,303.125183,-4.066667,9.333333,8.800000
160.454712,348.919678,311.088470,-3.633333,8.500000,9.433333
160.422440,345.284088,317.036255,-3.100000,8.166667,10.233334
160.614883,332.582733,319.742126,-1.466667,7.400000,11.266666
160.941360,307.305878,317.581818,1.600000,6.400000,12.133333
161.269073,291.007996,312.962402,4.033333,5.700000,11.966666
161.487152,282.274109,307.626343,5.266667,4.333333,12.066667
161.526474,277.825348,302.443054,5.433333,2.766667,10.700000
161.345764,277.781128,298.151733,4.700000,1.633333,10.633333
160.917328,279.416107,294.889038,4.066667,1.200000,10.533334
160.287155,284.317902,293.044739,3.200000,1.266667,11.200000
159.531418,294.823578,293.347504,2.600000,3.666667,12.133333
158.786194,313.700623,296.881195,0.766667,6.500000,12.100000
158.222916,326.571045,302.040527,-0.666667,8.733334,11.200000
157.962280,338.967621,308.461395,-2.366667,10.100000,9.033334
158.006989,349.533356,315.605927,-3.866667,9.600000,8.200000
158.324356,352.752747,322.070099,-4.300000,9.233334,7.766667
158.886261,356.832520,328.121674,-5.033333,9.700000,6.833333
159.616592,357.879608,333.304260,-5.166667,9.500000,6.566667
160.437927,358.690826,337.727295,-5.266667,9.333333,6.266667
161.261993,359.000458,341.434845,-5.333333,9.400000,6.333333
161.997864,357.729187,344.275604,-5.100000,9.300000,6.100000
162.537521,357.396240,346.562592,-5.100000,9.566667,6.433333
162.893448,354.760223,347.991638,-4.766667,10.100000,6.033333
163.071533,347.675079,347.938141,-3.766667,11.100000,5.566667
163.051331,347.070221,347.786987,-3.700000,11.366667,5.500000
162.827530,340.168671,346.459869,-2.633333,11.766666,5.900000
162.391663,329.363495,343.482269,-0.933333,12.200000,6.866667
161.768082,314.524597,338.439819,1.533333,12.200000,7.533333
161.050201,306.129974,332.813446,3.000000,11.733334,8.066667
160.434402,301.192291,327.307770,3.833333,11.100000,7.833333
160.022598,308.770691,324.079773,2.433333,11.433333,7.966667
159.868637,322.521606,323.807373,0.133333,11.733334,7.866667
159.979614,332.459991,325.313416,-1.433333,10.900000,8.633333
160.317795,338.967621,327.691437,-2.366667,10.100000,9.100000
160.845413,338.227570,329.528748,-2.233333,9.433333,9.900000
161.471878,342.716034,331.828094,-2.866667,9.533334,9.400000
162.132263,342.092163,333.619263,-2.833333,10.300000,8.366667
162.676483,346.506165,335.865631,-3.533333,10.666667,7.800000
162.985352,346.557831,337.728180,-3.566667,10.900000,7.300000
163.021362,342.751160,338.602203,-2.966667,10.766666,7.433333
162.783752,338.772491,338.629730,-2.400000,11.466666,7.600000
162.370071,331.171082,337.328705,-1.233333,11.433333,8.166667
161.896362,330.549255,336.145294,-1.133333,11.666667,7.600000
161.495956,336.104553,336.134674,-2.000000,11.933333,5.866667
161.178696,341.235168,337.019073,-2.800000,11.733334,3.333333
160.955154,340.692139,337.656006,-2.700000,11.500000,2.633333
160.827362,337.310608,337.594788,-2.166667,11.233334,2.033333
160.775574,333.567657,336.893860,-1.600000,11.466666,1.800000
160.811493,326.119324,335.020050,-0.433333,11.833333,2.166667
160.904465,321.917297,332.741760,0.266667,12.133333,3.000000
160.998428,317.320038,330.060120,1.033333,12.100000,3.766667
161.055557,313.692047,327.213531,1.633333,11.900000,4.033333
161.050110,309.636200,324.156036,2.400000,12.066667,4.133333
160.978088,308.084015,321.359802,2.666667,11.933333,4.533333
160.862946,303.349640,318.226074,3.566667,11.766666,5.100000
160.739700,301.323029,315.284851,3.900000,11.433333,5.833333
160.645920,302.337891,313.032013,3.633333,11.233334,5.766667
160.591125,304.411163,311.532013,3.300000,11.566667,5.233333
160.588745,304.917389,310.381439,3.166667,11.433333,4.833333
160.652939,308.926208,310.128876,2.500000,11.900000,3.766667
160.804352,315.772827,311.111938,1.266667,11.866667,2.333333
161.066681,319.377258,312.551941,0.600000,11.333333,1.666667
161.427216,329.637115,315.526947,-1.033333,10.166667,0.166667
161.819901,344.721771,320.608612,-3.100000,8.966666,0.100000
162.186218,354.089966,326.435638,-4.366667,8.433333,0.433333
162.533691,358.510529,332.017853,-5.100000,8.700000,1.166667
162.843781,4.030812,274.969910,-5.933333,8.333333,2.200000
163.082184,8.010939,228.536652,-6.500000,7.833333,3.033333
163.196121,6.946566,189.993866,-6.366667,8.033334,4.766667
163.176376,1.164289,157.148315,-5.633333,9.100000,5.366667
163.068893,359.066925,192.269470,-5.366667,9.500000,5.700000
163.005722,356.673309,220.865631,-5.033333,9.833333,5.700000
163.092194,0.851876,182.596786,-5.500000,8.766666,5.633333
163.346207,9.430326,152.478134,-6.533333,7.133333,5.200000
163.771393,12.827703,128.190826,-6.366667,4.966667,5.033333
164.408600,12.354112,108.047592,-5.766667,3.566667,3.500000
165.291199,9.618173,90.934372,-5.066667,2.666667,2.266667
166.390488,1.919039,75.460564,-4.033333,2.166667,1.366667
167.644211,343.479889,122.091400,-2.333333,1.800000,0.333333
168.933884,324.775696,157.358047,-0.900000,1.633333,0.166667
170.146347,314.021271,184.619034,0.033333,2.100000,-0.300000
171.226563,305.350281,205.628769,1.000000,2.733333,-0.400000
172.179276,307.198730,223.304428,1.033333,3.766667,-0.766667
172.998093,314.652954,239.200974,0.600000,6.200000,-1.400000
173.710449,317.239563,252.781433,0.633333,8.900000,-0.433333
174.356552,324.951263,265.340485,-0.300000,11.033334,1.033333
174.965652,331.255127,276.811157,-1.233333,12.300000,4.433333
175.554291,334.866913,286.914673,-1.800000,11.533334,7.133333
176.159790,334.489716,295.195313,-1.733333,10.733334,8.800000
176.806793,334.100342,301.968231,-1.666667,9.533334,9.866667
177.512238,333.937927,307.535339,-1.633333,7.833333,11.166667
178.270172,332.519012,311.887726,-1.466667,5.800000,11.666667
179.068039,334.924713,315.901855,-1.700000,3.900000,11.566667
179.879181,325.001007,317.491730,-0.900000,1.900000,10.833333
180.681213,307.841309,315.820190,0.266667,0.533333,10.466666
181.475739,289.826508,311.305817,1.500000,-0.766667,8.966666
182.247192,287.417206,307.157379,1.533333,-1.266667,7.133333
182.979126,287.984680,303.828888,1.366667,-1.500000,5.500000
183.581818,283.215332,300.248657,1.966667,-1.366667,4.900000
184.014984,291.337585,298.702454,1.100000,-1.366667,4.900000
184.250473,315.145721,301.564697,-0.566667,-1.300000,4.833333
184.283875,327.715485,306.113708,-1.233333,-0.900000,5.766667
184.141373,350.336609,313.804657,-2.566667,-0.500000,6.633333
183.861176,353.247894,320.663025,-2.900000,0.366667,8.500000
183.475632,348.769135,325.548462,-2.666667,1.066667,9.533334
183.007767,337.547455,327.631470,-1.866667,1.666667,10.600000
182.563675,333.974640,328.730896,-1.600000,2.200000,10.600000
182.222870,334.459106,329.724274,-1.633333,1.700000,10.900000
182.075073,322.647858,328.492065,-0.800000,0.866667,10.133333
182.181915,303.924927,324.219757,0.300000,-0.633333,9.033334
182.530136,283.017456,317.056030,2.100000,-1.166667,8.033334
183.047729,274.002869,309.571838,3.900000,-0.700000,7.566667
183.636139,271.543365,302.962280,4.666667,-0.466667,7.066667
184.194687,274.040283,297.936462,3.866667,-0.733333,7.333333
184.645706,283.974518,295.511871,2.066667,-1.000000,8.000000
184.924652,307.939972,297.676117,-0.033333,-0.833333,8.166667
184.954834,322.943634,302.071472,-0.900000,-0.100000,8.900000
184.702026,344.055817,309.372101,-2.300000,0.900000,9.633333
184.176758,351.143677,316.633301,-3.066667,2.533333,10.000000
183.441742,351.606354,322.710114,-3.200000,3.133333,10.333333
182.599640,344.844513,326.552795,-2.633333,3.833333,10.433333
181.774307,346.025787,329.932678,-2.800000,4.333333,10.800000
181.073364,344.715881,332.497925,-2.633333,3.966667,10.833333
180.562592,347.498322,335.102600,-2.733333,2.466667,10.200000
180.281174,345.660828,336.936646,-2.466667,1.400000,9.666667
180.258240,338.222961,337.160187,-1.866667,0.400000,8.800000
180.478775,318.399384,333.898834,-0.666667,-0.600000,8.200000
180.923691,298.493439,327.744293,0.533333,-1.266667,7.400000
181.549866,290.310669,321.238525,1.266667,-1.200000,7.133333
182.317642,288.621399,315.571808,1.466667,-1.133333,6.866667
183.154709,281.337494,309.624420,2.266667,-1.266667,7.466667
184.002899,280.111572,304.498383,2.700000,-0.833333,8.033334
